{"id":"60713c1e-aca0-44dd-9345-dc882e61e66e","timestamp":1732219956205,"matcher":{"static":{},"wildcard":{},"dynamic":{}},"prerendered":["/","/wishlist","/auth","/my-account","/cart","/ch","/contact","/checkout","/checkout1","/categories","/products","/product/divi-tee","/product/divi-engine-string-bag-small-logos","/product/logo-collection","/product/wordpress-pennant","/product/wordpress-tee","/product/single","/product/t-shirt-with-logo","/product/album","/product/dat-divi-engine-life-crop-top-3-tone","/product/beanie-with-logo","/product/polo","/product/sunglasses","/product/belt","/product/v-neck-t-shirt","/product/long-sleeve-tee","/product/beanie","/product/cap","/product/hoodie-with-logo","/product/t-shirt","/product/hoodie-with-zipper","/product/undefined","/product-category/accessories-2","/product-category/shirts","/product-category/men","/product-category/decor","/product-category/clothing","/product-category/music","/product-category/tshirts","/product-category/shirts-women","/product-category/women","/product-category/accessories","/product-category/hoodies"]}