{"id":"cc6fe6cb-b5dc-4d3b-8738-9d77c60838ff","timestamp":1732219435337,"matcher":{"static":{},"wildcard":{},"dynamic":{}},"prerendered":["/","/wishlist","/cart","/categories","/ch","/auth","/my-account","/checkout","/checkout1","/contact","/products","/product/wordpress-tee","/product/dat-divi-engine-life-crop-top-3-tone","/product/divi-tee","/product/wordpress-pennant","/product/divi-engine-string-bag-small-logos","/product/album","/product/single","/product/logo-collection","/product/beanie-with-logo","/product/t-shirt-with-logo","/product/polo","/product/long-sleeve-tee","/product/hoodie-with-zipper","/product/beanie","/product/sunglasses","/product/cap","/product/belt","/product/t-shirt","/product/hoodie-with-logo","/product/v-neck-t-shirt","/product-category/men","/product-category/shirts","/product-category/shirts-women","/product-category/women","/product/undefined","/product-category/decor","/product-category/accessories-2","/product-category/music","/product-category/accessories","/product-category/clothing","/product-category/tshirts","/product-category/hoodies"]}